keyword,priority,intent,target_path,evidence_type,evidence_url,page_status,implementation_note
"epoxy flooring Mississauga","P1","local_installer","/service-areas/mississauga/","observed_topic","https://gliepoxyflooring.com/mississauga/epoxy-garage-floor/","local_content_unpublished","City/service terminology observed; exact demand unmeasured."
"garage floor coating Mississauga","P1","local_installer","/service-areas/mississauga/","inferred_seed","https://gliepoxyflooring.com/mississauga/epoxy-garage-floor/","local_content_unpublished","Proposed wording from local garage/service topic; retain one city page."
"epoxy flooring contractors Mississauga","P1","contractor_selection","/service-areas/mississauga/","inferred_seed","https://gliepoxyflooring.com/mississauga/epoxy-garage-floor/","local_content_unpublished","Buyer-intent variation; no best-contractor or ranking claim."
"epoxy flooring Oakville","P1","local_installer","/service-areas/oakville/","observed_topic","https://thehappygarage.ca/garage-floor-flake-system/","local_content_unpublished","City/service terminology observed; exact demand unmeasured."
"garage floor coating Oakville","P1","local_installer","/service-areas/oakville/","inferred_seed","https://thehappygarage.ca/garage-floor-flake-system/","local_content_unpublished","Proposed wording from local garage/service topic; retain one city page."
"epoxy flooring contractors Oakville","P1","contractor_selection","/service-areas/oakville/","inferred_seed","https://thehappygarage.ca/garage-floor-flake-system/","local_content_unpublished","Buyer-intent variation; no best-contractor or ranking claim."
"epoxy flooring Toronto","P1","local_installer","/service-areas/toronto/","observed_topic","https://www.cedarwooddevelopment.ca/epoxy-flooring-faq-toronto-gta","local_content_unpublished","City/service terminology observed; exact demand unmeasured."
"garage floor coating Toronto","P1","local_installer","/service-areas/toronto/","inferred_seed","https://www.cedarwooddevelopment.ca/epoxy-flooring-faq-toronto-gta","local_content_unpublished","Proposed wording from local garage/service topic; retain one city page."
"epoxy flooring contractors Toronto","P1","contractor_selection","/service-areas/toronto/","inferred_seed","https://www.cedarwooddevelopment.ca/epoxy-flooring-faq-toronto-gta","local_content_unpublished","Buyer-intent variation; no best-contractor or ranking claim."
"epoxy flooring Burlington","P1","local_installer","/service-areas/burlington/","observed_topic","https://www.toroocoatings.com/burlington","local_content_unpublished","City/service terminology observed; exact demand unmeasured."
"garage floor coating Burlington","P1","local_installer","/service-areas/burlington/","inferred_seed","https://www.toroocoatings.com/burlington","local_content_unpublished","Proposed wording from local garage/service topic; retain one city page."
"epoxy flooring contractors Burlington","P1","contractor_selection","/service-areas/burlington/","inferred_seed","https://www.toroocoatings.com/burlington","local_content_unpublished","Buyer-intent variation; no best-contractor or ranking claim."
"epoxy flooring Milton","P1","local_installer","/service-areas/milton/","observed_topic","https://www.surfacecoatingexperts.com/epoxy-flooring-milton","local_content_unpublished","City/service terminology observed; exact demand unmeasured."
"garage floor coating Milton","P1","local_installer","/service-areas/milton/","inferred_seed","https://www.surfacecoatingexperts.com/epoxy-flooring-milton","local_content_unpublished","Proposed wording from local garage/service topic; retain one city page."
"epoxy flooring contractors Milton","P1","contractor_selection","/service-areas/milton/","inferred_seed","https://www.surfacecoatingexperts.com/epoxy-flooring-milton","local_content_unpublished","Buyer-intent variation; no best-contractor or ranking claim."
"garage epoxy flooring GTA","P1","service_selection","/services/garage-epoxy-flooring/","inferred_seed","https://gliepoxyflooring.com/mississauga/epoxy-garage-floor/","local_content_unpublished","Mapped to SMA's existing service; exact phrase demand unmeasured."
"polyaspartic garage flooring GTA","P1","service_selection","/services/polyaspartic-garage-flooring/","inferred_seed","https://thehappygarage.ca/garage-floor-flake-system/","local_content_unpublished","Mapped to SMA's existing service; exact phrase demand unmeasured."
"epoxy flake flooring GTA","P1","service_selection","/services/epoxy-flake-flooring/","inferred_seed","https://thehappygarage.ca/garage-floor-flake-system/","local_content_unpublished","Mapped to SMA's existing service; exact phrase demand unmeasured."
"basement epoxy flooring GTA","P1","service_selection","/services/basement-epoxy-flooring/","inferred_seed","https://www.cedarwooddevelopment.ca/epoxy-flooring-faq-toronto-gta","local_content_unpublished","Mapped to SMA's existing service; exact phrase demand unmeasured."
"porch and front step coating GTA","P1","service_selection","/services/porch-front-steps-coating/","inferred_seed","","local_content_unpublished","Mapped to SMA's existing service; exact phrase demand unmeasured."
"commercial epoxy flooring GTA","P1","service_selection","/services/commercial-epoxy-flooring/","inferred_seed","https://www.cedarwooddevelopment.ca/epoxy-flooring-faq-toronto-gta","local_content_unpublished","Mapped to SMA's existing service; exact phrase demand unmeasured."
"garage floor coating cost GTA","P1","quote_research","/blog/garage-floor-coating-cost-gta/","observed_topic","https://www.reddit.com/r/Milton/comments/scfzva/","local_content_unpublished","Cost topic observed; these are proposed keyword variants. Quote SMA only from confirmed scope."
"two car garage epoxy floor cost","P1","quote_research","/blog/garage-floor-coating-cost-gta/","observed_topic","https://www.reddit.com/r/Milton/comments/scfzva/","local_content_unpublished","Cost topic observed; these are proposed keyword variants. Quote SMA only from confirmed scope."
"epoxy vs polyaspartic garage floor","P1","customer_question","/blog/epoxy-vs-polyaspartic/","inferred_seed","https://gliepoxyflooring.com/mississauga/epoxy-garage-floor/","local_content_unpublished","Compare complete proposed systems and exposure limits."
"which garage floor coating is best for Ontario winters","P1","customer_question","/blog/epoxy-vs-polyaspartic/","inferred_seed","https://gliepoxyflooring.com/mississauga/epoxy-garage-floor/","local_content_unpublished","Compare complete proposed systems and exposure limits."
"when can I park on a new epoxy garage floor","P2","customer_question","/blog/garage-floor-coating-cure-time/","observed_topic","https://www.cedarwooddevelopment.ca/epoxy-flooring-faq-toronto-gta","local_content_unpublished","Installation/timing topic observed; distinguish install duration from return to use."
"how long does garage floor coating take","P2","customer_question","/blog/garage-floor-coating-cure-time/","observed_topic","https://www.cedarwooddevelopment.ca/epoxy-flooring-faq-toronto-gta","local_content_unpublished","Installation/timing topic observed; distinguish install duration from return to use."
"how to clean road salt from coated garage floor","P2","customer_question","/blog/garage-floor-winter-care/","inferred_seed","https://gliepoxyflooring.com/mississauga/epoxy-garage-floor/","local_content_unpublished","Winter topic supports these proposed care questions; use approved product guidance."
"garage floor coating winter maintenance","P2","customer_question","/blog/garage-floor-winter-care/","inferred_seed","https://gliepoxyflooring.com/mississauga/epoxy-garage-floor/","local_content_unpublished","Winter topic supports these proposed care questions; use approved product guidance."
"how to prepare garage for floor coating","P2","customer_question","/blog/preparing-garage-for-floor-coating/","inferred_seed","https://gliepoxyflooring.com/mississauga/epoxy-garage-floor/","local_content_unpublished","Preparation topic supports planning questions; do not give unsupported DIY procedures."
"what to move before epoxy floor installation","P2","customer_question","/blog/preparing-garage-for-floor-coating/","inferred_seed","https://gliepoxyflooring.com/mississauga/epoxy-garage-floor/","local_content_unpublished","Preparation topic supports planning questions; do not give unsupported DIY procedures."
"can epoxy be installed on a damp basement floor","P2","customer_question","/blog/basement-epoxy-flooring-moisture/","inferred_seed","","local_content_unpublished","Customer-suitability seed from SMA service content; no measured demand."
"basement epoxy flooring moisture problems","P2","customer_question","/blog/basement-epoxy-flooring-moisture/","inferred_seed","","local_content_unpublished","Customer-suitability seed from SMA service content; no measured demand."
"are epoxy garage floors slippery when wet","P2","customer_question","/blog/are-epoxy-garage-floors-slippery/","observed_topic","https://www.cedarwooddevelopment.ca/epoxy-flooring-faq-toronto-gta","local_content_unpublished","Wet-slip concern observed; phrase variants proposed; avoid non-slip guarantees."
"garage floor coating traction options","P2","customer_question","/blog/are-epoxy-garage-floors-slippery/","observed_topic","https://www.cedarwooddevelopment.ca/epoxy-flooring-faq-toronto-gta","local_content_unpublished","Wet-slip concern observed; phrase variants proposed; avoid non-slip guarantees."
"can you coat concrete front steps","P2","customer_question","/blog/porch-front-step-coating-planning/","inferred_seed","","local_content_unpublished","Exterior-suitability seed from SMA service content; confirm specific system."
"porch floor coating outdoor suitability","P2","customer_question","/blog/porch-front-step-coating-planning/","inferred_seed","","local_content_unpublished","Exterior-suitability seed from SMA service content; confirm specific system."
"how to choose garage floor flake colours","P2","customer_question","/blog/choosing-garage-floor-flake-colours/","observed_topic","https://thehappygarage.ca/garage-floor-flake-system/","local_content_unpublished","Colour selection observed; exact query variants inferred."
"grey flake garage floor colours","P2","customer_question","/blog/choosing-garage-floor-flake-colours/","observed_topic","https://thehappygarage.ca/garage-floor-flake-system/","local_content_unpublished","Colour selection observed; exact query variants inferred."
"why is my garage floor coating peeling","P2","customer_question","/blog/peeling-garage-floor-coating-repair/","observed_topic","https://gliepoxyflooring.com/mississauga/epoxy-garage-floor/","local_content_unpublished","Failure/preparation topic observed; inspect the cause before specifying recoating."
"can you recoat peeling epoxy garage floor","P2","customer_question","/blog/peeling-garage-floor-coating-repair/","observed_topic","https://gliepoxyflooring.com/mississauga/epoxy-garage-floor/","local_content_unpublished","Failure/preparation topic observed; inspect the cause before specifying recoating."
"how to choose epoxy flooring contractor GTA","P1","contractor_selection","/blog/choosing-epoxy-flooring-contractor-gta/","inferred_seed","https://www.cedarwooddevelopment.ca/epoxy-flooring-faq-toronto-gta","local_content_unpublished","Proposed contractor-selection questions; seek evidence and written terms."
"what should an epoxy flooring quote include","P1","contractor_selection","/blog/choosing-epoxy-flooring-contractor-gta/","inferred_seed","https://www.cedarwooddevelopment.ca/epoxy-flooring-faq-toronto-gta","local_content_unpublished","Proposed contractor-selection questions; seek evidence and written terms."
"is garage floor coating worth it","P1","customer_question","/blog/is-garage-floor-coating-worth-it/","inferred_seed","https://www.cedarwooddevelopment.ca/epoxy-flooring-faq-toronto-gta","local_content_unpublished","Value/DIY topics support proposed questions; no promised resale return."
"DIY vs professional garage floor coating","P1","customer_question","/blog/is-garage-floor-coating-worth-it/","inferred_seed","https://www.cedarwooddevelopment.ca/epoxy-flooring-faq-toronto-gta","local_content_unpublished","Value/DIY topics support proposed questions; no promised resale return."
"epoxy flooring questions","P2","question_navigation","/epoxy-flooring-questions/","inferred_seed","https://www.cedarwooddevelopment.ca/epoxy-flooring-faq-toronto-gta","local_content_unpublished","Short answer hub that links to detailed guides."
"garage floor coating questions before hiring","P1","question_navigation","/epoxy-flooring-questions/","inferred_seed","https://www.cedarwooddevelopment.ca/epoxy-flooring-faq-toronto-gta","local_content_unpublished","Proposed buyer-question phrase; no FAQ rich-result promise."
"epoxy and polyaspartic flooring GTA","P1","regional_service_discovery","/","inferred_seed","","local_content_unpublished","Broad regional entry; send city-specific intent to its city page."
